Date,Open,High,Low,Close
09/19/2024 00:00,158.593,158.821,158.593,158.694
09/18/2024 23:55,158.554,158.625,158.5,158.55
09/18/2024 23:50,158.523,158.528,158.415,158.485
09/18/2024 23:45,158.435,158.513,158.4,158.507
09/18/2024 23:40,158.488,158.511,158.38,158.408
09/18/2024 23:35,158.549,158.56,158.437,158.514
09/18/2024 23:30,158.424,158.6,158.386,158.545
09/18/2024 23:25,158.432,158.534,158.38,158.476
09/18/2024 23:20,158.481,158.49,158.355,158.382
09/18/2024 23:15,158.355,158.538,158.303,158.534
09/18/2024 23:10,158.307,158.38,158.26,158.37
09/18/2024 23:05,158.235,158.363,158.181,158.333
09/18/2024 23:00,158.045,158.159,158.018,158.15
09/18/2024 22:55,158.073,158.152,158.0,158.031
09/18/2024 22:50,158.119,158.13,158.04,158.12
09/18/2024 22:45,158.1,158.157,158.08,158.145
09/18/2024 22:40,158.077,158.129,158.036,158.1
09/18/2024 22:35,157.939,158.002,157.899,157.963
09/18/2024 22:30,157.848,157.97,157.84,157.936
09/18/2024 22:25,157.88,157.9,157.796,157.86
09/18/2024 22:20,157.915,157.922,157.84,157.877
09/18/2024 22:15,157.906,157.963,157.855,157.88
09/18/2024 22:10,157.871,157.91,157.832,157.88
09/18/2024 22:05,157.918,158.01,157.743,157.861
09/18/2024 22:00,158.0,158.12,157.84,157.915
09/18/2024 21:55,158.08,158.08,157.973,157.973
09/18/2024 21:50,157.973,158.11,157.957,158.06
09/18/2024 21:45,157.951,158.0642650655993,157.951,158.03
09/18/2024 21:40,158.057,158.1,158.01,158.01
09/18/2024 21:35,158.092,158.11,157.98,158.1
09/18/2024 21:30,158.09,158.1363282553097,158.035,158.1
09/18/2024 21:25,158.12,158.1496719670855,158.01,158.07
09/18/2024 21:20,158.066,158.1585677749361,158.0200000000001,158.043
09/18/2024 21:15,158.11,158.14,158.033,158.12
09/18/2024 21:10,158.08,158.14,158.011,158.136
09/18/2024 21:05,158.12,158.1346228669891,157.99,158.09
09/18/2024 21:00,158.182,158.207295991818,158.065,158.13
09/18/2024 20:55,158.179,158.194,158.12,158.182
09/18/2024 20:50,158.19,158.221,158.17,158.204
09/18/2024 20:45,158.185,158.2,158.12,158.142
09/18/2024 20:40,158.19,158.2044083720155,158.14,158.153
09/18/2024 20:35,158.149,158.245,158.13,158.19
09/18/2024 20:30,158.211,158.224,158.119,158.151
09/18/2024 20:25,158.156,158.176,158.094,158.164
09/18/2024 20:20,158.218,158.222,158.076,158.121
09/18/2024 20:15,158.247,158.2576809822768,158.163,158.205
09/18/2024 20:10,158.062,158.292,158.03,158.26
09/18/2024 20:05,158.06,158.132,158.025,158.064
09/18/2024 20:00,158.183,158.226,158.102,158.157
09/18/2024 19:55,158.14,158.244,158.14,158.203
09/18/2024 19:50,158.29,158.367,158.164,158.171
09/18/2024 19:45,158.077,158.195,158.06,158.139
09/18/2024 19:40,158.114,158.164,158.027,158.122
09/18/2024 19:35,158.128,158.191,158.016,158.119
09/18/2024 19:30,158.08,158.155,158.04,158.066
09/18/2024 19:25,158.067,158.144,157.993,158.036
09/18/2024 19:20,157.925,158.247,157.885,158.111
09/18/2024 19:15,157.767,157.999,157.697,157.923
09/18/2024 19:10,157.84,157.84,157.596,157.741
09/18/2024 19:05,157.563,157.867,157.55,157.808
09/18/2024 19:00,157.329,157.668,157.311,157.601
09/18/2024 18:55,157.605,157.62,157.425,157.52
09/18/2024 18:50,157.57,157.678,157.46,157.504
09/18/2024 18:45,157.312,157.624,157.27,157.579
09/18/2024 18:40,157.229,157.399,157.184,157.312
09/18/2024 18:35,157.13,157.412,157.1,157.14
09/18/2024 18:30,157.36,157.413,157.14,157.18
09/18/2024 18:25,157.277,157.397,157.239,157.345
09/18/2024 18:20,157.252,157.378,157.099,157.29
09/18/2024 18:15,157.482,157.52,157.318,157.379
09/18/2024 18:10,157.586,157.636,157.453,157.528
09/18/2024 18:05,157.62,157.639,157.328,157.39
09/18/2024 18:00,158.04,158.04,157.183,157.481
09/18/2024 17:55,157.977,158.037,157.91,157.99
09/18/2024 17:50,157.89,157.973,157.84,157.972
09/18/2024 17:45,157.88,157.918,157.85,157.872
09/18/2024 17:40,157.848,157.906,157.81,157.886
09/18/2024 17:35,157.862,157.893,157.79,157.839
09/18/2024 17:30,157.792,157.858,157.76,157.849
09/18/2024 17:25,157.792,157.825,157.73,157.765
09/18/2024 17:20,157.797,157.819,157.74,157.783
09/18/2024 17:15,157.768,157.827,157.74,157.81
09/18/2024 17:10,157.774,157.79,157.72,157.72
09/18/2024 17:05,157.781,157.799,157.74,157.795
09/18/2024 17:00,157.82,157.863,157.78,157.837
09/18/2024 16:55,157.846,157.865,157.79,157.822
09/18/2024 16:50,157.846,157.907,157.82,157.887
09/18/2024 16:45,157.794,157.843,157.75,157.829
09/18/2024 16:40,157.8363646476445,157.8363646476445,157.76,157.812
09/18/2024 16:35,157.855,157.862,157.79,157.8
09/18/2024 16:30,157.811,157.874,157.78,157.87
09/18/2024 16:25,157.87,157.9048678720445,157.8,157.841
09/18/2024 16:20,157.886,157.891,157.83,157.864
09/18/2024 16:15,157.91,157.929,157.85,157.889
09/18/2024 16:10,157.809,157.936,157.79,157.912
09/18/2024 16:05,157.767,157.835,157.74,157.833
09/18/2024 16:00,157.766,157.8,157.72,157.784
09/18/2024 15:55,157.784,157.83,157.74,157.761
09/18/2024 15:50,157.794,157.831,157.76,157.79
09/18/2024 15:45,157.826,157.84,157.72,157.797
09/18/2024 15:40,157.763,157.8326108702901,157.75,157.832
09/18/2024 15:35,157.749,157.772,157.7,157.767
09/18/2024 15:30,157.835,157.844,157.73,157.768
09/18/2024 15:25,157.8,157.87,157.76,157.845
09/18/2024 15:20,157.803,157.8341116299755,157.74,157.8
09/18/2024 15:15,157.809,157.844412572407,157.78,157.795
09/18/2024 15:10,157.82,157.844,157.75,157.827
09/18/2024 15:05,157.827,157.845,157.74,157.782
09/18/2024 15:00,157.875,157.905,157.79,157.833
09/18/2024 14:55,157.887,157.936,157.84,157.895
09/18/2024 14:50,157.747,157.886,157.71,157.877
09/18/2024 14:45,157.681,157.73,157.64,157.708
09/18/2024 14:40,157.677,157.699,157.63,157.678
09/18/2024 14:35,157.666,157.678,157.58,157.66
09/18/2024 14:30,157.747,157.787,157.63,157.664
09/18/2024 14:25,157.719,157.751,157.66,157.736
09/18/2024 14:20,157.767,157.832,157.67,157.685
09/18/2024 14:15,157.727,157.809,157.69,157.8
09/18/2024 14:10,157.754,157.785,157.68,157.726
09/18/2024 14:05,157.838,157.881,157.74,157.774
09/18/2024 14:00,157.853,157.8742261613148,157.77,157.837
09/18/2024 13:55,157.836,157.9086830180697,157.79,157.818
09/18/2024 13:50,157.955,157.993,157.84,157.891
09/18/2024 13:45,157.978,157.985,157.91,157.934
09/18/2024 13:40,157.967,158.023,157.93,157.97
09/18/2024 13:35,157.96,157.987,157.92,157.97
09/18/2024 13:30,157.939,157.942,157.81,157.936
09/18/2024 13:25,157.86,157.931,157.84,157.922
09/18/2024 13:20,157.798,157.867,157.76,157.851
09/18/2024 13:15,157.773,157.842,157.75,157.78
09/18/2024 13:10,157.713,157.803,157.66,157.796
09/18/2024 13:05,157.769,157.8,157.71,157.745
09/18/2024 13:00,157.846,157.851,157.74,157.764
09/18/2024 12:55,157.857,157.899,157.79,157.849
09/18/2024 12:50,157.759,157.867,157.73,157.856
09/18/2024 12:45,157.74,157.792,157.7,157.73
09/18/2024 12:40,157.761,157.811,157.7,157.72
09/18/2024 12:35,157.78,157.8,157.69,157.774
09/18/2024 12:30,157.83,157.925,157.76,157.784
09/18/2024 12:25,157.886,157.89,157.83,157.865
09/18/2024 12:20,157.919,157.928,157.83,157.889
09/18/2024 12:15,158.017,158.024,157.92,157.95
09/18/2024 12:10,157.937,157.951,157.87,157.937
09/18/2024 12:05,157.818,157.887,157.76,157.88
09/18/2024 12:00,157.803,157.8525730180807,157.77,157.836
09/18/2024 11:55,157.842,157.869,157.75,157.784
09/18/2024 11:50,157.747,157.843,157.72,157.843
09/18/2024 11:45,157.725,157.742,157.67,157.73
09/18/2024 11:40,157.698,157.77,157.66,157.72
09/18/2024 11:35,157.658,157.7,157.63,157.689
09/18/2024 11:30,157.666,157.681,157.6,157.632
09/18/2024 11:25,157.651,157.682,157.59,157.668
09/18/2024 11:20,157.677,157.68,157.59,157.627
09/18/2024 11:15,157.643,157.69,157.6,157.68
09/18/2024 11:10,157.575,157.606,157.52,157.595
09/18/2024 11:05,157.601,157.61,157.51,157.547
09/18/2024 11:00,157.607,157.634,157.57,157.621
09/18/2024 10:55,157.583,157.619,157.55,157.601
09/18/2024 10:50,157.658,157.671,157.58,157.603
09/18/2024 10:45,157.714,157.74,157.63,157.65
09/18/2024 10:40,157.688,157.712,157.63,157.705
09/18/2024 10:35,157.689,157.706,157.63,157.67
09/18/2024 10:30,157.669,157.68,157.6,157.652
09/18/2024 10:25,157.679,157.685,157.61,157.662
09/18/2024 10:20,157.686,157.71714922049,157.66,157.711
09/18/2024 10:15,157.711,157.742,157.65,157.684
09/18/2024 10:10,157.726,157.74,157.68,157.704
09/18/2024 10:05,157.784,157.826,157.73,157.75
09/18/2024 10:00,157.767,157.797,157.73,157.772
09/18/2024 09:55,157.782,157.8032750362037,157.73,157.763
09/18/2024 09:50,157.749,157.82,157.68,157.79
09/18/2024 09:45,157.808,157.817,157.74,157.771
09/18/2024 09:40,157.82,157.835,157.77,157.804
09/18/2024 09:35,157.799,157.855,157.74,157.766
09/18/2024 09:30,157.75,157.842,157.72,157.84
09/18/2024 09:25,157.702,157.748,157.66,157.735
09/18/2024 09:20,157.714,157.725,157.64,157.692
09/18/2024 09:15,157.722,157.76,157.68,157.729
09/18/2024 09:10,157.65,157.716,157.61,157.703
09/18/2024 09:05,157.734,157.75,157.68,157.69
09/18/2024 09:00,157.719,157.833,157.69,157.727
09/18/2024 08:55,157.771,157.782,157.68,157.717
09/18/2024 08:50,157.698,157.773,157.63,157.767
09/18/2024 08:45,157.698,157.736,157.66,157.71
09/18/2024 08:40,157.708,157.785,157.67,157.775
09/18/2024 08:35,157.76,157.794,157.715,157.719
09/18/2024 08:30,157.83,157.86,157.75,157.77
09/18/2024 08:25,157.896,157.905,157.8,157.831
09/18/2024 08:20,157.95,157.981,157.87,157.92
09/18/2024 08:15,157.958,158.033,157.92,157.984
09/18/2024 08:10,157.945,157.955,157.86,157.888
09/18/2024 08:05,157.869,157.942,157.81,157.939
09/18/2024 08:00,157.923,157.971,157.85,157.905
09/18/2024 07:55,157.771,157.966,157.73,157.924
09/18/2024 07:50,157.788,157.792,157.72,157.77
09/18/2024 07:45,157.726,157.7850742946185,157.68,157.761
09/18/2024 07:40,157.707,157.752,157.69,157.732
09/18/2024 07:35,157.683,157.735,157.65,157.705
09/18/2024 07:30,157.702,157.749,157.63,157.689
09/18/2024 07:25,157.69,157.736,157.64,157.712
09/18/2024 07:20,157.575,157.676,157.55,157.643
09/18/2024 07:15,157.625,157.634,157.52,157.564
09/18/2024 07:10,157.587,157.6144136128566,157.55,157.602
09/18/2024 07:05,157.56,157.631,157.51,157.629
09/18/2024 07:00,157.384,157.532,157.36,157.529
09/18/2024 06:55,157.409,157.416,157.33,157.367
09/18/2024 06:50,157.513,157.532,157.34,157.382
09/18/2024 06:45,157.48,157.542,157.46,157.51
09/18/2024 06:40,157.445,157.451,157.39,157.42
09/18/2024 06:35,157.396,157.448,157.36,157.447
09/18/2024 06:30,157.441,157.442,157.36,157.37
09/18/2024 06:25,157.452,157.474,157.4,157.455
09/18/2024 06:20,157.503,157.541,157.46,157.482
09/18/2024 06:15,157.555,157.593,157.52,157.545
09/18/2024 06:10,157.469,157.593,157.45,157.587
09/18/2024 06:05,157.365,157.451,157.33,157.41
09/18/2024 06:00,157.383,157.41,157.28,157.332
09/18/2024 05:55,157.299,157.375,157.28,157.366
09/18/2024 05:50,157.23,157.296,157.22,157.272
09/18/2024 05:45,157.259,157.285,157.21,157.256
09/18/2024 05:40,157.138,157.256,157.11,157.22
09/18/2024 05:35,157.12,157.185,157.07,157.1
09/18/2024 05:30,157.238,157.25,157.09,157.153
09/18/2024 05:25,157.171,157.253,157.16,157.233
09/18/2024 05:20,157.187,157.189,157.146,157.179
09/18/2024 05:15,157.205,157.22,157.161,157.186
09/18/2024 05:10,157.2,157.24,157.189,157.209
09/18/2024 05:05,157.18,157.222,157.162,157.201
09/18/2024 05:00,157.145,157.192,157.11,157.182
09/18/2024 04:55,157.1,157.153,157.044,157.144
09/18/2024 04:50,157.235,157.24,157.103,157.105
09/18/2024 04:45,157.256,157.296,157.233,157.235
09/18/2024 04:40,157.239,157.278,157.232,157.258
09/18/2024 04:35,157.267,157.29,157.201,157.239
09/18/2024 04:30,157.361,157.361,157.254,157.271
09/18/2024 04:25,157.424,157.437,157.354,157.361
09/18/2024 04:20,157.393,157.466,157.388,157.419
09/18/2024 04:15,157.341,157.413,157.34,157.391
09/18/2024 04:10,157.347,157.355,157.324,157.344
09/18/2024 04:05,157.301,157.344,157.282,157.344
09/18/2024 04:00,157.315,157.34,157.285,157.302
09/18/2024 03:55,157.348,157.361,157.286,157.317
09/18/2024 03:50,157.322,157.363,157.32,157.344
09/18/2024 03:45,157.344,157.355,157.313,157.32
09/18/2024 03:40,157.294,157.343,157.284,157.337
09/18/2024 03:35,157.321,157.337,157.287,157.292
09/18/2024 03:30,157.293,157.313,157.236,157.312
09/18/2024 03:25,157.334,157.344,157.289,157.292
09/18/2024 03:20,157.362,157.367,157.32,157.332
09/18/2024 03:15,157.314,157.37,157.31,157.36
09/18/2024 03:10,157.31,157.357,157.31,157.318
09/18/2024 03:05,157.309,157.334,157.288,157.311
09/18/2024 03:00,157.423,157.427,157.296,157.312
09/18/2024 02:55,157.397,157.441,157.381,157.426
09/18/2024 02:50,157.369,157.413,157.321,157.394
09/18/2024 02:45,157.359,157.377,157.339,157.372
09/18/2024 02:40,157.381,157.382,157.318,157.359
09/18/2024 02:35,157.401,157.415,157.35,157.38
09/18/2024 02:30,157.484,157.494,157.392,157.405
09/18/2024 02:25,157.447,157.505,157.437,157.485
09/18/2024 02:20,157.472,157.502,157.434,157.442
09/18/2024 02:15,157.528,157.54,157.462,157.473
09/18/2024 02:10,157.523,157.569,157.513,157.527
09/18/2024 02:05,157.504,157.551,157.489,157.517
09/18/2024 02:00,157.478,157.507,157.439,157.506
09/18/2024 01:55,157.528,157.533,157.442,157.476
09/18/2024 01:50,157.582,157.603,157.524,157.526
09/18/2024 01:45,157.573,157.602,157.524,157.584
09/18/2024 01:40,157.696,157.7,157.558,157.573
09/18/2024 01:35,157.651,157.702,157.608,157.695
09/18/2024 01:30,157.719,157.73,157.618,157.653
09/18/2024 01:25,157.723,157.735,157.692,157.708
09/18/2024 01:20,157.71,157.728,157.642,157.725
09/18/2024 01:15,157.663,157.716,157.641,157.707
09/18/2024 01:10,157.647,157.669,157.599,157.66
09/18/2024 01:05,157.579,157.672,157.563,157.649
09/18/2024 01:00,157.612,157.671,157.55,157.579
09/18/2024 00:55,157.562,157.635,157.553,157.614
09/18/2024 00:50,157.754,157.803,157.549,157.576
09/18/2024 00:45,157.735,157.784,157.729,157.76
09/18/2024 00:40,157.693,157.772,157.675,157.729
09/18/2024 00:35,157.702,157.718,157.67,157.696
09/18/2024 00:30,157.765,157.788,157.696,157.706
09/18/2024 00:25,157.773,157.786,157.713,157.769
09/18/2024 00:20,157.803,157.848,157.764,157.769
09/18/2024 00:15,157.782,157.806,157.718,157.806
09/18/2024 00:10,157.766,157.839,157.743,157.774
09/18/2024 00:05,157.832,157.864,157.759,157.766
09/18/2024 00:00,157.939,157.961,157.795,157.828
09/17/2024 23:55,157.924,157.988,157.915,157.944
09/17/2024 23:50,157.913,157.94,157.897,157.924
09/17/2024 23:45,157.862,157.913,157.835,157.913
09/17/2024 23:40,157.833,157.882,157.833,157.855
09/17/2024 23:35,157.853,157.888,157.833,157.836
09/17/2024 23:30,157.913,157.945,157.844,157.852
09/17/2024 23:25,157.913,157.93,157.878,157.915
09/17/2024 23:20,157.867,157.945,157.865,157.913
09/17/2024 23:15,157.889,157.909,157.848,157.862
09/17/2024 23:10,157.893,157.931,157.844,157.891
09/17/2024 23:05,157.942,157.942,157.875,157.89
09/17/2024 23:00,157.925,157.99,157.921,157.937
09/17/2024 22:55,157.947,157.953,157.901,157.929
09/17/2024 22:50,157.987,157.99,157.891,157.948
09/17/2024 22:45,158.025,158.025,157.964,157.984
09/17/2024 22:40,158.041,158.058,158.023,158.024
09/17/2024 22:35,158.09,158.096,158.033,158.045
09/17/2024 22:30,158.118,158.135,158.062,158.092
09/17/2024 22:25,158.151,158.16,158.116,158.116
09/17/2024 22:20,158.147,158.16,158.144,158.155
09/17/2024 22:15,158.159,158.17,158.144,158.145
09/17/2024 22:10,158.134,158.163,158.131,158.157
09/17/2024 22:05,158.209,158.213,158.123,158.134
09/17/2024 22:00,158.19,158.229,158.189,158.208
09/17/2024 21:55,158.183,158.197,158.182,158.191
09/17/2024 21:50,158.187,158.194,158.184,158.193
09/17/2024 21:45,158.201,158.207,158.165,158.191
09/17/2024 21:40,158.193,158.212,158.193,158.207
09/17/2024 21:35,158.21,158.215,158.192,158.196
09/17/2024 21:30,158.199,158.211,158.197,158.21
09/17/2024 21:25,158.188,158.212,158.177,158.2
09/17/2024 21:20,158.188,158.197,158.181,158.186
09/17/2024 21:15,158.222,158.233,158.176,158.189
09/17/2024 21:10,158.233,158.261,158.206,158.256
09/17/2024 21:05,158.2,158.24,158.193,158.234
09/17/2024 21:00,158.222,158.23,158.17,158.196
09/17/2024 20:55,158.255,158.267,158.232,158.261
09/17/2024 20:50,158.296,158.311,158.242,158.252
09/17/2024 20:45,158.292,158.326,158.27,158.296
09/17/2024 20:40,158.274,158.302,158.264,158.298
09/17/2024 20:35,158.219,158.276,158.194,158.276
09/17/2024 20:30,158.125,158.229,158.125,158.219
09/17/2024 20:25,158.084,158.136,158.069,158.127
09/17/2024 20:20,158.119,158.121,158.07,158.085
09/17/2024 20:15,158.145,158.159,158.103,158.116
09/17/2024 20:10,158.145,158.175,158.134,158.144
09/17/2024 20:05,158.131,158.181,158.128,158.144
09/17/2024 20:00,158.092,158.146,158.091,158.133
09/17/2024 19:55,158.052,158.105,158.039,158.098
09/17/2024 19:50,158.104,158.111,158.046,158.052
09/17/2024 19:45,158.025,158.099,158.025,158.092
09/17/2024 19:40,158.082,158.082,158.022,158.036
09/17/2024 19:35,158.026,158.159,158.024,158.076
09/17/2024 19:30,158.016,158.035,157.959,158.025
09/17/2024 19:25,157.948,158.066,157.948,158.019
09/17/2024 19:20,157.921,157.974,157.906,157.954
09/17/2024 19:15,157.848,157.93,157.841,157.922
09/17/2024 19:10,157.761,157.858,157.749,157.845
09/17/2024 19:05,157.734,157.764,157.704,157.764
09/17/2024 19:00,157.724,157.743,157.699,157.729
09/17/2024 18:55,157.777,157.785,157.705,157.726
09/17/2024 18:50,157.769,157.782,157.707,157.778
09/17/2024 18:45,157.808,157.82,157.757,157.767
09/17/2024 18:40,157.75,157.821,157.736,157.814
09/17/2024 18:35,157.772,157.8,157.73,157.749
09/17/2024 18:30,157.758,157.778,157.733,157.773
09/17/2024 18:25,157.781,157.791,157.726,157.756
09/17/2024 18:20,157.779,157.808,157.755,157.786
09/17/2024 18:15,157.762,157.821,157.762,157.78
09/17/2024 18:10,157.831,157.833,157.765,157.765
09/17/2024 18:05,157.803,157.836,157.799,157.825
09/17/2024 18:00,157.746,157.816,157.728,157.801
09/17/2024 17:55,157.747,157.751,157.716,157.739
09/17/2024 17:50,157.729,157.75,157.701,157.745
09/17/2024 17:45,157.682,157.73,157.634,157.728
09/17/2024 17:40,157.722,157.728,157.666,157.691
09/17/2024 17:35,157.761,157.789,157.709,157.723
09/17/2024 17:30,157.77,157.826,157.754,157.765
09/17/2024 17:25,157.75,157.822,157.729,157.77
09/17/2024 17:20,157.671,157.759,157.668,157.749
09/17/2024 17:15,157.637,157.695,157.604,157.679
09/17/2024 17:10,157.711,157.74,157.633,157.646
09/17/2024 17:05,157.659,157.744,157.655,157.712
09/17/2024 17:00,157.594,157.67,157.583,157.663
09/17/2024 16:55,157.647,157.707,157.572,157.6
09/17/2024 16:50,157.608,157.66,157.556,157.649
09/17/2024 16:45,157.672,157.685,157.553,157.608
09/17/2024 16:40,157.733,157.74,157.663,157.668
09/17/2024 16:35,157.822,157.843,157.723,157.732
09/17/2024 16:30,157.823,157.862,157.803,157.822
09/17/2024 16:25,157.7,157.827,157.7,157.818
09/17/2024 16:20,157.655,157.699,157.617,157.699
09/17/2024 16:15,157.705,157.726,157.647,157.656
09/17/2024 16:10,157.65,157.709,157.614,157.706
09/17/2024 16:05,157.63,157.657,157.616,157.653
09/17/2024 16:00,157.613,157.65,157.604,157.64
09/17/2024 15:55,157.572,157.618,157.546,157.614
09/17/2024 15:50,157.605,157.613,157.566,157.566
09/17/2024 15:45,157.636,157.651,157.567,157.601
09/17/2024 15:40,157.596,157.677,157.59,157.635
09/17/2024 15:35,157.55,157.622,157.55,157.596
09/17/2024 15:30,157.596,157.604,157.546,157.551
09/17/2024 15:25,157.594,157.649,157.587,157.593
09/17/2024 15:20,157.551,157.613,157.518,157.599
09/17/2024 15:15,157.437,157.578,157.434,157.552
09/17/2024 15:10,157.537,157.537,157.398,157.433
09/17/2024 15:05,157.508,157.554,157.5,157.543
09/17/2024 15:00,157.633,157.633,157.487,157.501
09/17/2024 14:55,157.796,157.796,157.595,157.624
09/17/2024 14:50,157.802,157.877,157.742,157.799
09/17/2024 14:45,157.666,157.806,157.644,157.799
09/17/2024 14:40,157.707,157.75,157.647,157.664
09/17/2024 14:35,157.695,157.715,157.57,157.705
09/17/2024 14:30,157.605,157.774,157.605,157.7
09/17/2024 14:25,157.566,157.612,157.533,157.609
09/17/2024 14:20,157.617,157.638,157.525,157.56
09/17/2024 14:15,157.675,157.675,157.518,157.62
09/17/2024 14:10,157.486,157.753,157.46,157.654
09/17/2024 14:05,157.48,157.533,157.451,157.485
09/17/2024 14:00,157.341,157.483,157.334,157.474
09/17/2024 13:55,157.413,157.46,157.334,157.344
09/17/2024 13:50,157.252,157.425,157.248,157.408
09/17/2024 13:45,157.121,157.288,157.121,157.254
09/17/2024 13:40,157.076,157.115,157.004,157.111
09/17/2024 13:35,156.97,157.078,156.887,157.078
09/17/2024 13:30,156.943,157.094,156.912,156.967
09/17/2024 13:25,156.91,157.005,156.898,156.948
09/17/2024 13:20,156.82,156.965,156.817,156.903
09/17/2024 13:15,156.737,156.829,156.737,156.821
09/17/2024 13:10,156.839,156.902,156.727,156.738
09/17/2024 13:05,156.861,156.887,156.77,156.85
09/17/2024 13:00,156.825,156.903,156.799,156.851
09/17/2024 12:55,156.796,156.94,156.796,156.823
09/17/2024 12:50,156.702,156.827,156.699,156.79
09/17/2024 12:45,156.769,156.794,156.653,156.708
09/17/2024 12:40,156.77,156.841,156.727,156.768
09/17/2024 12:35,156.773,156.802,156.673,156.766
09/17/2024 12:30,156.681,156.92,156.61,156.77
09/17/2024 12:25,156.624,156.733,156.571,156.688
09/17/2024 12:20,156.7,156.707,156.606,156.624
09/17/2024 12:15,156.718,156.725,156.69,156.702
09/17/2024 12:10,156.705,156.75,156.695,156.715
09/17/2024 12:05,156.669,156.712,156.661,156.702
09/17/2024 12:00,156.616,156.691,156.608,156.672
09/17/2024 11:55,156.586,156.637,156.569,156.608
09/17/2024 11:50,156.542,156.611,156.533,156.58
09/17/2024 11:45,156.547,156.565,156.506,156.54
09/17/2024 11:40,156.571,156.587,156.542,156.55
09/17/2024 11:35,156.592,156.593,156.496,156.57
09/17/2024 11:30,156.587,156.615,156.562,156.597
09/17/2024 11:25,156.599,156.629,156.578,156.588
09/17/2024 11:20,156.58,156.613,156.565,156.608
09/17/2024 11:15,156.618,156.632,156.563,156.582
09/17/2024 11:10,156.634,156.637,156.601,156.613
09/17/2024 11:05,156.667,156.683,156.614,156.63
09/17/2024 11:00,156.618,156.677,156.618,156.67
09/17/2024 10:55,156.618,156.638,156.551,156.624
09/17/2024 10:50,156.612,156.633,156.608,156.621
09/17/2024 10:45,156.615,156.618,156.58,156.611
09/17/2024 10:40,156.561,156.615,156.542,156.615
09/17/2024 10:35,156.638,156.643,156.559,156.56
09/17/2024 10:30,156.645,156.67,156.619,156.638
09/17/2024 10:25,156.607,156.658,156.596,156.646
09/17/2024 10:20,156.608,156.633,156.595,156.604
09/17/2024 10:15,156.583,156.61,156.564,156.603
09/17/2024 10:10,156.621,156.625,156.586,156.586
09/17/2024 10:05,156.595,156.624,156.592,156.621
09/17/2024 10:00,156.647,156.659,156.58,156.599
09/17/2024 09:55,156.595,156.651,156.595,156.646
09/17/2024 09:50,156.549,156.602,156.543,156.597
09/17/2024 09:45,156.517,156.584,156.516,156.553
09/17/2024 09:40,156.521,156.522,156.477,156.516
09/17/2024 09:35,156.574,156.579,156.499,156.516
09/17/2024 09:30,156.579,156.613,156.564,156.575
09/17/2024 09:25,156.549,156.603,156.549,156.583
09/17/2024 09:20,156.562,156.577,156.484,156.548
09/17/2024 09:15,156.53,156.578,156.523,156.563
09/17/2024 09:10,156.529,156.55,156.503,156.53
09/17/2024 09:05,156.538,156.602,156.517,156.535
09/17/2024 09:00,156.663,156.663,156.523,156.541
09/17/2024 08:55,156.657,156.734,156.649,156.663
09/17/2024 08:50,156.536,156.664,156.535,156.656
09/17/2024 08:45,156.573,156.581,156.522,156.536
09/17/2024 08:40,156.438,156.572,156.436,156.568
09/17/2024 08:35,156.427,156.491,156.414,156.426
09/17/2024 08:30,156.489,156.496,156.43,156.434
09/17/2024 08:25,156.536,156.536,156.481,156.489
09/17/2024 08:20,156.556,156.581,156.52,156.529
09/17/2024 08:15,156.668,156.671,156.554,156.56
09/17/2024 08:10,156.61,156.672,156.597,156.665
09/17/2024 08:05,156.616,156.625,156.526,156.61
09/17/2024 08:00,156.568,156.633,156.556,156.614
09/17/2024 07:55,156.511,156.607,156.505,156.571
09/17/2024 07:50,156.469,156.521,156.444,156.503
09/17/2024 07:45,156.393,156.482,156.32,156.471
09/17/2024 07:40,156.358,156.431,156.345,156.393
09/17/2024 07:35,156.315,156.376,156.315,156.351
09/17/2024 07:30,156.251,156.318,156.249,156.317
09/17/2024 07:25,156.168,156.276,156.15,156.251
09/17/2024 07:20,156.153,156.186,156.1,156.182
09/17/2024 07:15,156.075,156.165,156.043,156.153
09/17/2024 07:10,156.203,156.216,156.052,156.073
09/17/2024 07:05,156.354,156.354,156.181,156.201
09/17/2024 07:00,156.451,156.47,156.33,156.354
09/17/2024 06:55,156.453,156.503,156.433,156.447
09/17/2024 06:50,156.528,156.528,156.434,156.461
09/17/2024 06:45,156.424,156.529,156.416,156.525
09/17/2024 06:40,156.49,156.49,156.417,156.423
09/17/2024 06:35,156.473,156.512,156.455,156.486
09/17/2024 06:30,156.439,156.509,156.412,156.472
09/17/2024 06:25,156.439,156.47,156.398,156.437
09/17/2024 06:20,156.504,156.516,156.432,156.442
09/17/2024 06:15,156.497,156.544,156.435,156.486
09/17/2024 06:10,156.455,156.509,156.441,156.5
09/17/2024 06:05,156.436,156.521,156.436,156.457
09/17/2024 06:00,156.55,156.587,156.437,156.439
09/17/2024 05:55,156.528,156.611,156.482,156.554
09/17/2024 05:50,156.406,156.538,156.387,156.529
09/17/2024 05:45,156.421,156.421,156.35,156.404
09/17/2024 05:40,156.411,156.421,156.354,156.417
09/17/2024 05:35,156.393,156.449,156.389,156.42
09/17/2024 05:30,156.509,156.533,156.389,156.397
09/17/2024 05:25,156.599,156.614,156.497,156.505
09/17/2024 05:20,156.6,156.605,156.546,156.597
09/17/2024 05:15,156.567,156.607,156.558,156.591
09/17/2024 05:10,156.561,156.595,156.53,156.569
09/17/2024 05:05,156.549,156.607,156.548,156.563
09/17/2024 05:00,156.497,156.593,156.497,156.549
09/17/2024 04:55,156.445,156.506,156.429,156.492
09/17/2024 04:50,156.506,156.515,156.437,156.437
09/17/2024 04:45,156.45,156.51,156.443,156.51
09/17/2024 04:40,156.436,156.462,156.409,156.448
09/17/2024 04:35,156.516,156.539,156.429,156.432
09/17/2024 04:30,156.516,156.535,156.485,156.512
09/17/2024 04:25,156.532,156.549,156.487,156.514
09/17/2024 04:20,156.527,156.535,156.494,156.531
09/17/2024 04:15,156.508,156.543,156.508,156.53
09/17/2024 04:10,156.486,156.55,156.464,156.513
09/17/2024 04:05,156.425,156.497,156.371,156.493
09/17/2024 04:00,156.396,156.472,156.396,156.427
09/17/2024 03:55,156.37,156.425,156.369,156.4
09/17/2024 03:50,156.352,156.433,156.348,156.367
09/17/2024 03:45,156.398,156.435,156.359,156.359
09/17/2024 03:40,156.36,156.407,156.312,156.402
09/17/2024 03:35,156.426,156.429,156.329,156.359
09/17/2024 03:30,156.366,156.435,156.366,156.427
09/17/2024 03:25,156.318,156.367,156.315,156.365
09/17/2024 03:20,156.377,156.377,156.304,156.321
09/17/2024 03:15,156.419,156.441,156.351,156.372
09/17/2024 03:10,156.468,156.498,156.416,156.418
09/17/2024 03:05,156.437,156.475,156.421,156.465
09/17/2024 03:00,156.419,156.455,156.406,156.438
09/17/2024 02:55,156.405,156.448,156.366,156.42
09/17/2024 02:50,156.36,156.414,156.36,156.406
09/17/2024 02:45,156.3,156.374,156.287,156.361
09/17/2024 02:40,156.236,156.306,156.226,156.296
09/17/2024 02:35,156.186,156.251,156.182,156.239
09/17/2024 02:30,156.219,156.244,156.177,156.184
09/17/2024 02:25,156.246,156.27,156.215,156.224
09/17/2024 02:20,156.251,156.302,156.229,156.249
09/17/2024 02:15,156.188,156.277,156.188,156.252
09/17/2024 02:10,156.187,156.225,156.147,156.191
09/17/2024 02:05,156.257,156.266,156.176,156.194
09/17/2024 02:00,156.285,156.3,156.217,156.255
09/17/2024 01:55,156.201,156.31,156.2,156.279
09/17/2024 01:50,156.294,156.328,156.17,156.201
09/17/2024 01:45,156.291,156.305,156.266,156.297
09/17/2024 01:40,156.303,156.316,156.262,156.288
09/17/2024 01:35,156.287,156.339,156.216,156.303
09/17/2024 01:30,156.242,156.293,156.23,156.289
09/17/2024 01:25,156.216,156.246,156.178,156.24
09/17/2024 01:20,156.265,156.265,156.172,156.215
09/17/2024 01:15,156.299,156.351,156.212,156.255
09/17/2024 01:10,156.356,156.374,156.222,156.304
09/17/2024 01:05,156.446,156.465,156.355,156.355
09/17/2024 01:00,156.456,156.472,156.378,156.454
09/17/2024 00:55,156.481,156.527,156.453,156.459
09/17/2024 00:50,156.523,156.55,156.381,156.478
09/17/2024 00:45,156.461,156.533,156.455,156.527
09/17/2024 00:40,156.461,156.491,156.422,156.458
09/17/2024 00:35,156.432,156.472,156.348,156.454
09/17/2024 00:30,156.512,156.515,156.342,156.422
09/17/2024 00:25,156.531,156.579,156.495,156.513
09/17/2024 00:20,156.539,156.565,156.507,156.535
09/17/2024 00:15,156.488,156.577,156.471,156.54
09/17/2024 00:10,156.528,156.591,156.489,156.489
09/17/2024 00:05,156.622,156.624,156.525,156.527
09/17/2024 00:00,156.685,156.75,156.615,156.615
09/16/2024 23:55,156.723,156.727,156.654,156.698
09/16/2024 23:50,156.728,156.736,156.675,156.726
09/16/2024 23:45,156.746,156.823,156.71,156.73
09/16/2024 23:40,156.777,156.818,156.742,156.749
09/16/2024 23:35,156.8,156.835,156.747,156.782
09/16/2024 23:30,156.767,156.821,156.736,156.793
09/16/2024 23:25,156.863,156.881,156.761,156.772
09/16/2024 23:20,156.938,156.959,156.869,156.87
09/16/2024 23:15,156.826,157.097,156.805,156.955
09/16/2024 23:10,156.813,156.839,156.796,156.831
09/16/2024 23:05,156.746,156.822,156.725,156.821
09/16/2024 23:00,156.745,156.747,156.637,156.747
09/16/2024 22:55,156.702,156.746,156.698,156.74
09/16/2024 22:50,156.677,156.72,156.668,156.704
09/16/2024 22:45,156.679,156.681,156.661,156.676
09/16/2024 22:40,156.633,156.683,156.613,156.677
09/16/2024 22:35,156.586,156.647,156.586,156.638
09/16/2024 22:30,156.534,156.603,156.533,156.591
09/16/2024 22:25,156.535,156.553,156.512,156.526
09/16/2024 22:20,156.556,156.562,156.523,156.536
09/16/2024 22:15,156.583,156.591,156.542,156.552
09/16/2024 22:10,156.542,156.588,156.539,156.585
09/16/2024 22:05,156.587,156.587,156.524,156.541
09/16/2024 22:00,156.516,156.6,156.513,156.587
09/16/2024 21:55,156.517,156.518,156.505,156.508
09/16/2024 21:50,156.518,156.52,156.508,156.518
09/16/2024 21:45,156.513,156.518,156.51,156.516
09/16/2024 21:40,156.51,156.517,156.508,156.516
09/16/2024 21:35,156.511,156.517,156.507,156.514
09/16/2024 21:30,156.512,156.518,156.496,156.514
09/16/2024 21:25,156.505,156.519,156.494,156.511
09/16/2024 21:20,156.509,156.51,156.496,156.505
09/16/2024 21:15,156.472,156.512,156.467,156.51
09/16/2024 21:10,156.499,156.504,156.464,156.475
09/16/2024 21:05,156.497,156.506,156.484,156.499
09/16/2024 21:00,156.5,156.514,156.498,156.509
09/16/2024 20:55,156.497,156.534,156.497,156.532
09/16/2024 20:50,156.531,156.536,156.495,156.495
09/16/2024 20:45,156.534,156.541,156.522,156.528
09/16/2024 20:40,156.513,156.537,156.506,156.531
09/16/2024 20:35,156.521,156.527,156.508,156.515
09/16/2024 20:30,156.525,156.542,156.51,156.519
09/16/2024 20:25,156.519,156.538,156.513,156.518
09/16/2024 20:20,156.547,156.547,156.517,156.519
09/16/2024 20:15,156.533,156.566,156.531,156.547
09/16/2024 20:10,156.539,156.545,156.522,156.534
09/16/2024 20:05,156.535,156.568,156.534,156.536
09/16/2024 20:00,156.58,156.591,156.507,156.54
09/16/2024 19:55,156.612,156.623,156.58,156.585
09/16/2024 19:50,156.621,156.64,156.594,156.605
09/16/2024 19:45,156.605,156.63,156.599,156.623
09/16/2024 19:40,156.606,156.623,156.59,156.601
09/16/2024 19:35,156.646,156.659,156.599,156.61
09/16/2024 19:30,156.625,156.665,156.607,156.644
09/16/2024 19:25,156.628,156.644,156.618,156.625
09/16/2024 19:20,156.646,156.657,156.612,156.627
09/16/2024 19:15,156.609,156.649,156.602,156.643
09/16/2024 19:10,156.57,156.618,156.567,156.611
09/16/2024 19:05,156.541,156.586,156.534,156.571
09/16/2024 19:00,156.48,156.552,156.478,156.539
09/16/2024 18:55,156.432,156.509,156.421,156.485
09/16/2024 18:50,156.393,156.432,156.387,156.429
09/16/2024 18:45,156.411,156.411,156.382,156.395
09/16/2024 18:40,156.467,156.468,156.411,156.411
09/16/2024 18:35,156.483,156.486,156.456,156.466
09/16/2024 18:30,156.455,156.485,156.447,156.474
09/16/2024 18:25,156.5,156.509,156.456,156.46
09/16/2024 18:20,156.444,156.538,156.443,156.505
09/16/2024 18:15,156.416,156.448,156.413,156.445
09/16/2024 18:10,156.431,156.457,156.403,156.408
09/16/2024 18:05,156.415,156.454,156.402,156.437
09/16/2024 18:00,156.479,156.499,156.409,156.409
09/16/2024 17:55,156.409,156.491,156.409,156.477
09/16/2024 17:50,156.422,156.445,156.402,156.41
09/16/2024 17:45,156.481,156.498,156.419,156.419
09/16/2024 17:40,156.46,156.485,156.446,156.48
09/16/2024 17:35,156.447,156.484,156.431,156.459
09/16/2024 17:30,156.457,156.471,156.428,156.445
09/16/2024 17:25,156.447,156.458,156.41,156.458
09/16/2024 17:20,156.474,156.474,156.437,156.447
09/16/2024 17:15,156.495,156.51,156.462,156.468
09/16/2024 17:10,156.457,156.505,156.457,156.496
09/16/2024 17:05,156.479,156.508,156.452,156.46
09/16/2024 17:00,156.521,156.521,156.475,156.48
09/16/2024 16:55,156.485,156.526,156.478,156.518
09/16/2024 16:50,156.522,156.533,156.48,156.49
09/16/2024 16:45,156.554,156.587,156.517,156.521
09/16/2024 16:40,156.579,156.618,156.547,156.551
09/16/2024 16:35,156.589,156.603,156.559,156.577
09/16/2024 16:30,156.647,156.668,156.565,156.596
09/16/2024 16:25,156.552,156.653,156.552,156.646
09/16/2024 16:20,156.565,156.565,156.506,156.557
09/16/2024 16:15,156.61,156.625,156.555,156.562
09/16/2024 16:10,156.567,156.62,156.567,156.612
09/16/2024 16:05,156.581,156.605,156.562,156.572
09/16/2024 16:00,156.602,156.629,156.562,156.582
09/16/2024 15:55,156.607,156.644,156.571,156.605
09/16/2024 15:50,156.644,156.659,156.582,156.607
09/16/2024 15:45,156.526,156.652,156.502,156.65
09/16/2024 15:40,156.507,156.537,156.454,156.515
09/16/2024 15:35,156.573,156.583,156.495,156.507
09/16/2024 15:30,156.421,156.597,156.421,156.572
09/16/2024 15:25,156.425,156.471,156.404,156.418
09/16/2024 15:20,156.329,156.428,156.328,156.428
09/16/2024 15:15,156.409,156.424,156.326,156.328
09/16/2024 15:10,156.388,156.505,156.386,156.412
09/16/2024 15:05,156.235,156.393,156.233,156.393
09/16/2024 15:00,156.227,156.251,156.186,156.234
09/16/2024 14:55,156.195,156.253,156.183,156.227
09/16/2024 14:50,156.18,156.209,156.132,156.193
09/16/2024 14:45,156.188,156.224,156.14,156.183
09/16/2024 14:40,156.187,156.261,156.181,156.187
09/16/2024 14:35,156.257,156.31,156.169,156.18
09/16/2024 14:30,156.37,156.37,156.201,156.252
09/16/2024 14:25,156.361,156.393,156.331,156.376
09/16/2024 14:20,156.425,156.436,156.348,156.366
09/16/2024 14:15,156.353,156.438,156.353,156.424
09/16/2024 14:10,156.493,156.498,156.332,156.351
09/16/2024 14:05,156.395,156.493,156.369,156.488
09/16/2024 14:00,156.325,156.45,156.312,156.392
09/16/2024 13:55,156.284,156.323,156.231,156.322
09/16/2024 13:50,156.325,156.347,156.258,156.289
09/16/2024 13:45,156.324,156.352,156.244,156.327
09/16/2024 13:40,156.315,156.39,156.31,156.32
09/16/2024 13:35,156.31,156.334,156.192,156.326
09/16/2024 13:30,156.26,156.388,156.19,156.305
09/16/2024 13:25,156.217,156.271,156.201,156.252
09/16/2024 13:20,156.211,156.271,156.192,156.216
09/16/2024 13:15,156.22,156.257,156.173,156.202
09/16/2024 13:10,156.083,156.238,156.073,156.222
09/16/2024 13:05,156.071,156.099,156.023,156.083
09/16/2024 13:00,156.007,156.108,155.996,156.067
09/16/2024 12:55,156.045,156.092,155.985,156.013
09/16/2024 12:50,156.152,156.179,156.042,156.045
09/16/2024 12:45,156.055,156.162,156.02,156.157
09/16/2024 12:40,155.997,156.128,155.98,156.066
09/16/2024 12:35,155.724,156.045,155.704,155.992
09/16/2024 12:30,155.614,155.734,155.614,155.716
09/16/2024 12:25,155.589,155.645,155.537,155.627
09/16/2024 12:20,155.642,155.67,155.581,155.586
09/16/2024 12:15,155.647,155.68,155.611,155.635
09/16/2024 12:10,155.651,155.691,155.621,155.644
09/16/2024 12:05,155.603,155.674,155.57,155.653
09/16/2024 12:00,155.597,155.604,155.504,155.597
09/16/2024 11:55,155.77,155.77,155.601,155.605
09/16/2024 11:50,155.759,155.787,155.734,155.769
09/16/2024 11:45,155.786,155.83,155.755,155.76
09/16/2024 11:40,155.774,155.806,155.75,155.782
09/16/2024 11:35,155.798,155.802,155.755,155.77
09/16/2024 11:30,155.788,155.808,155.752,155.796
09/16/2024 11:25,155.816,155.844,155.748,155.793
09/16/2024 11:20,155.764,155.853,155.751,155.82
09/16/2024 11:15,155.762,155.79,155.701,155.768
09/16/2024 11:10,155.785,155.786,155.736,155.761
09/16/2024 11:05,155.78,155.803,155.725,155.783
09/16/2024 11:00,155.843,155.863,155.779,155.786
09/16/2024 10:55,155.864,155.885,155.844,155.845
09/16/2024 10:50,155.773,155.902,155.771,155.864
09/16/2024 10:45,155.816,155.826,155.758,155.775
09/16/2024 10:40,155.767,155.857,155.759,155.818
09/16/2024 10:35,155.807,155.855,155.766,155.768
09/16/2024 10:30,155.885,155.909,155.807,155.809
09/16/2024 10:25,155.89,155.928,155.878,155.879
09/16/2024 10:20,155.97,156.007,155.885,155.897
09/16/2024 10:15,155.984,156.011,155.927,155.973
09/16/2024 10:10,155.901,155.991,155.883,155.983
09/16/2024 10:05,155.851,155.903,155.836,155.898
09/16/2024 10:00,155.919,155.919,155.828,155.853
09/16/2024 09:55,155.938,155.972,155.897,155.91
09/16/2024 09:50,155.928,155.973,155.912,155.935
09/16/2024 09:45,155.895,155.974,155.889,155.928
09/16/2024 09:40,155.834,155.897,155.834,155.895
09/16/2024 09:35,155.776,155.869,155.776,155.834
09/16/2024 09:30,155.725,155.774,155.692,155.763
09/16/2024 09:25,155.703,155.745,155.693,155.733
09/16/2024 09:20,155.734,155.775,155.698,155.703
09/16/2024 09:15,155.676,155.764,155.661,155.733
09/16/2024 09:10,155.664,155.713,155.645,155.676
09/16/2024 09:05,155.57,155.669,155.561,155.664
09/16/2024 09:00,155.551,155.584,155.536,155.569
09/16/2024 08:55,155.526,155.56,155.487,155.55
09/16/2024 08:50,155.5,155.555,155.5,155.526
09/16/2024 08:45,155.499,155.532,155.467,155.497
09/16/2024 08:40,155.584,155.591,155.491,155.495
09/16/2024 08:35,155.527,155.598,155.514,155.581
09/16/2024 08:30,155.478,155.551,155.448,155.533
09/16/2024 08:25,155.469,155.516,155.458,155.48
09/16/2024 08:20,155.424,155.507,155.401,155.468
09/16/2024 08:15,155.431,155.435,155.374,155.418
09/16/2024 08:10,155.45,155.453,155.399,155.429
09/16/2024 08:05,155.533,155.54,155.439,155.446
09/16/2024 08:00,155.469,155.539,155.425,155.527
09/16/2024 07:55,155.431,155.516,155.396,155.471
09/16/2024 07:50,155.4,155.457,155.394,155.428
09/16/2024 07:45,155.347,155.405,155.32,155.397
09/16/2024 07:40,155.257,155.355,155.246,155.351
09/16/2024 07:35,155.241,155.29,155.195,155.242
09/16/2024 07:30,155.238,155.268,155.162,155.244
09/16/2024 07:25,155.233,155.275,155.158,155.24
09/16/2024 07:20,155.247,155.323,155.239,155.239
09/16/2024 07:15,155.417,155.421,155.242,155.246
09/16/2024 07:10,155.42,155.456,155.364,155.413
09/16/2024 07:05,155.443,155.5,155.412,155.421
09/16/2024 07:00,155.443,155.469,155.309,155.446
09/16/2024 06:55,155.34,155.441,155.329,155.441
09/16/2024 06:50,155.343,155.394,155.306,155.321
09/16/2024 06:45,155.41,155.428,155.261,155.367
09/16/2024 06:40,155.523,155.533,155.321,155.407
09/16/2024 06:35,155.552,155.573,155.507,155.523
09/16/2024 06:30,155.601,155.621,155.528,155.557
09/16/2024 06:25,155.534,155.606,155.531,155.599
09/16/2024 06:20,155.517,155.579,155.517,155.537
09/16/2024 06:15,155.571,155.632,155.475,155.514
09/16/2024 06:10,155.555,155.611,155.533,155.573
09/16/2024 06:05,155.536,155.577,155.444,155.565
09/16/2024 06:00,155.586,155.619,155.523,155.532
09/16/2024 05:55,155.473,155.583,155.446,155.58
09/16/2024 05:50,155.491,155.512,155.468,155.474
09/16/2024 05:45,155.534,155.561,155.492,155.492
09/16/2024 05:40,155.527,155.58,155.515,155.534
09/16/2024 05:35,155.538,155.561,155.495,155.529
09/16/2024 05:30,155.536,155.588,155.501,155.541
09/16/2024 05:25,155.546,155.56,155.512,155.533
09/16/2024 05:20,155.596,155.598,155.523,155.549
09/16/2024 05:15,155.652,155.667,155.588,155.595
09/16/2024 05:10,155.649,155.67,155.592,155.656
09/16/2024 05:05,155.505,155.64,155.478,155.636
09/16/2024 05:00,155.598,155.598,155.488,155.5
09/16/2024 04:55,155.642,155.666,155.575,155.599
09/16/2024 04:50,155.567,155.648,155.558,155.641
09/16/2024 04:45,155.648,155.659,155.549,155.566
09/16/2024 04:40,155.671,155.703,155.632,155.643
09/16/2024 04:35,155.573,155.675,155.57,155.669
09/16/2024 04:30,155.599,155.613,155.551,155.571
09/16/2024 04:25,155.633,155.64,155.588,155.601
09/16/2024 04:20,155.57,155.635,155.55,155.634
09/16/2024 04:15,155.55,155.578,155.517,155.567
09/16/2024 04:10,155.419,155.557,155.415,155.554
09/16/2024 04:05,155.523,155.556,155.402,155.414
09/16/2024 04:00,155.597,155.618,155.511,155.523
09/16/2024 03:55,155.569,155.601,155.542,155.59
09/16/2024 03:50,155.49,155.58,155.488,155.566
09/16/2024 03:45,155.563,155.573,155.488,155.5
09/16/2024 03:40,155.542,155.57,155.506,155.557
09/16/2024 03:35,155.612,155.619,155.47,155.547
09/16/2024 03:30,155.638,155.645,155.546,155.614
